name,age
Amanda Gamble MD,69
Joan Doyle,47
Amanda Gamble MD,35
Kevin Gibson,20
Rebecca Esparza,71
Kyle Anderson,46
Kim Jensen,46
Susan Lindsey,62
Joel Jones,51
Patrick Lynch,69
Felicia Hernandez,62
Christian Silva,38
Kimberly Melton,20
Connie Edwards,48
Daniel Simpson,42
Samuel Perry,35
Mason Nolan,58
Joan Doyle,34
Ronald Dunn,55
Daniel Simpson,53
Michael Phillips,44
Terri Adams,26
Lori Christensen,40
Connie Edwards,22
Joseph Levy,74
Tiffany Goodman,61
Eileen Sutton,23
Jennifer Copeland,45
Andrea Boyer,51
Kenneth Gray,42
Adam Hughes,61
Marc Snyder,24
Melinda Contreras,28
Patrick Lynch,58
Ronald Wise,18
Gregory Harper,47
Ronald Wise,52
Maria Gutierrez,73
Felicia Hernandez,18
Ryan Lopez,38
Richard Gregory,52
Robin Smith,45
Eileen Sutton,66
Wendy Ingram,22
Anthony Webster,60
Holly Wyatt,42
Wendy Ingram,40
Kathleen Padilla,30
Joel Jones,29
Eileen Sutton,42
Dana Martinez,60
Jacob Delgado,53
Andrea Foster,27
Kimberly Melton,62
Jacob Rose,44
Julia Bradford,38
Andrea Boyer,68
Billy Anderson,71
Anthony Rich,69
Isaac Davis,23
Andrea Boyer,42
Dana Brown,37
Kimberly Melton,27
Joel Jones,69
Brian Love,23
Richard Gregory,61
Ryan Lopez,56
Anthony Rich,26
Samuel Perry,31
Andrea Foster,53
Joel Jones,67
Stacey Willis,33
Maria Gutierrez,50
Kelsey Christensen,67
Stephen Holmes,53
Jacob Delgado,33
Joel Jones,50
Terri Adams,72
Geoffrey Berry,32
Stacey Willis,46
Connie Edwards,46
Jimmy Daniel,54
Lisa Stout,52
Danielle Dougherty,31
Frank Reyes,72
John Wright,65
Rebecca Esparza,21
Maria Gutierrez,38
Caitlin Reeves,23
Kyle Anderson,44
Shannon Newman,26
Richard Gregory,23
Joan Doyle,73
Julia Bradford,33
Christina Smith,50
Melinda Contreras,31
Kim Jensen,23
Christina Smith,48
Lance Rivera,35
Jonathan Larson,47
Latoya Wells,39
Eugene Miller,25
Eileen Sutton,50
Connie Edwards,70
Lauren Smith,22
Danielle Dougherty,74
Danielle Jacobs,62
Billy Anderson,45
Lisa Stout,41
Rebecca Esparza,42
Sean Calhoun,32
Caitlin Reeves,41
Ronald Dunn,25
Kenneth Gray,58
Kimberly Freeman,24
Mary Mayo,38
Lori Christensen,65
Eileen Sutton,36
Ryan Lopez,47
Geoffrey Berry,22
Eugene Miller,56
Frank Reyes,43
John Simmons,71
Kimberly Freeman,53
Craig Black,19
Robert Kennedy,49
Richard Martin,48
Lauren Smith,70
Maria Gutierrez,71
Daniel Lewis,26
Robert Kennedy,29
Julia Bradford,37
Samuel Perry,70
Jennifer Copeland,26
Bryce Garcia,63
Sean Calhoun,73
Julia Bradford,44
Debbie Sanchez,35
Virginia Navarro,69
Stacey Willis,66
Samuel Perry,26
Chad Cook,48
Philip Davis,58
Mason Nolan,44
Melinda Contreras,23
John Wright,26
Isaac Davis,29
Caitlin Reeves,29
Richard Gregory,51
Cynthia Hardin,27
Kimberly Melton,41
Nicholas Garcia,51
Patrick Lynch,32
Joel Jones,71
Christina Smith,37
Kim Jensen,52
Maria Gutierrez,67
Stacey Willis,49
Susan Lindsey,25
Stephen Holmes,31
Wendy Ingram,65
Danielle Dougherty,47
Nicholas Garcia,67
Bryce Garcia,19
Robin Smith,58
Susan Lindsey,56
Alex Wilson,26
Lori Christensen,41
Cathy Johnson,64
Richard Martin,25
Christina Smith,67
Terri Adams,60
Richard Gregory,38
Cynthia Hardin,50
Lori Christensen,57
Craig Black,69
Daniel Lewis,54
Mason Nolan,56
Andrea Boyer,72
Robert Kennedy,45
Samuel Perry,22
Lauren Smith,32
Samuel Perry,71
Anne Williams,32
Joel Jones,49
Justin Brown,18
Cathy Johnson,55
Lori Christensen,70
Kelsey Christensen,48
Isaac Davis,40
Lori Christensen,63
Matthew Martinez,66
Lisa Welch,51
Joel Jones,34
Christina Smith,38
Daniel Lewis,50
Natalie Bell,55
Kevin Gibson,30
Robert Mckenzie,32
John Simmons,36
Bryce Garcia,56
Anne Williams,72
Marc Snyder,52
Connie Edwards,59
Shannon Newman,41
Daniel Lewis,71
Dana Martinez,23
Jennifer Horne,44
Lisa Stout,49
Robert Kennedy,23
Brian Collins,30
Latoya Wells,24
Bryce Garcia,63
Julia Bradford,26
Latoya Wells,59
Robin Smith,35
Richard Gregory,31
Julia Bradford,54
Gregory Harper,52
Philip Davis,54
Kelsey Christensen,46
Cynthia Hardin,52
Jason Lindsey,41
Cathy Johnson,50
Susan Lindsey,27
Lauren Smith,19
Kim Jensen,59
Felicia Hernandez,60
Billy Anderson,47
Troy Miller,34
Brian Love,64
Danielle Dougherty,61
Jennifer Horne,26
Richard Gregory,24
Kimberly Melton,68
Anthony Webster,43
Philip Davis,27
Sarah Williams,34
Brian Love,48
Brian Love,48
Richard Martin,62
Ronald Wise,18
Anthony Rich,55
Cathy Johnson,41
Frank Reyes,73
Anthony Rich,51
Mason Nolan,21
Amanda Gamble MD,48
Brian Love,22
Erica Flores,51
Kim Jensen,43
Anthony Rich,73
Jimmy Daniel,42
Robin Smith,21
Troy Miller,69
Debbie Sanchez,43
Amanda Gamble MD,24
Jacob Delgado,63
Anthony Rich,68
Eugene Miller,43
Erica Flores,25
Stephen Holmes,46
Wendy Ingram,31
Michael Phillips,47
Kimberly Melton,63
Troy Miller,42
Tiffany Goodman,37
Jonathan Larson,18
Sean Calhoun,74
Geoffrey Berry,57
Holly Wyatt,44
Troy Miller,48
Jason Lindsey,57
Debbie Sanchez,65
Ronald Wise,40
Kathleen Padilla,70
Kim Jensen,62
Stacey Willis,59
Troy Miller,52
Matthew Martinez,40
Maria Gutierrez,43
Marc Snyder,31
Sean Calhoun,70
Kenneth Gray,35
Michael Phillips,29
Michael Phillips,62
Robin Smith,70
Latoya Wells,60
Mary Mayo,43
Julia Bradford,71
Melinda Contreras,54
Mason Nolan,50
Danielle Dougherty,52
Justin Brown,19
Patrick Lynch,20
Stacey Willis,73
Amanda Gamble MD,60
Jimmy Daniel,41
Sarah Williams,47
Shannon Newman,26
Daniel Simpson,46
Sean Calhoun,49
Samuel Perry,37
Terri Adams,68
Melinda Contreras,45
Felicia Hernandez,48
Jason Lindsey,28
Julia Bradford,58
Michael Phillips,27
Adam Hughes,26
Andrea Andersen,51
Cynthia Hardin,22
Brian Love,18
Andrea Andersen,38
Stacey Willis,26
Adam Hughes,74
Eileen Sutton,35
Kimberly Freeman,33
Robert Mckenzie,21
Joel Jones,31
Adam Hughes,48
Andrea Foster,37
Jacob Delgado,18
Sean Calhoun,69
Richard Gregory,55
Joan Doyle,65
Alex Wilson,68
Debbie Sanchez,58
Kimberly Melton,58
Adam Hughes,29
Mason Nolan,31
Daniel Simpson,70
Anne Williams,49
Erica Flores,47
Mary Mayo,67
Erica Flores,19
Kathleen Padilla,31
Sean Calhoun,70
Mason Nolan,71
Robin Smith,31
Mary Mayo,67
Kevin Gibson,48
Robert Mckenzie,40
Maria Gutierrez,22
Kevin Gibson,65
Jason Lindsey,60
Samuel Perry,41
Alex Wilson,30
Julia Bradford,32
Anthony Rich,51
Stephen Holmes,34
Michael Phillips,41
Brian Love,33
Daniel Simpson,62
John Simmons,67
Jennifer Horne,47
Susan Lindsey,19
Sarah Williams,21
Chad Cook,44
Rebecca Esparza,42
Kimberly Melton,30
Joan Doyle,22
Eileen Sutton,66
Sarah Williams,26
Danielle Jacobs,69
Kimberly Melton,27
Craig Mccormick,36
Julia Bradford,20
Danielle Dougherty,28
Dana Martinez,42
Connie Edwards,24
Eugene Miller,55
Geoffrey Berry,72
Sarah Williams,37
Wendy Ingram,56
Cynthia Hardin,53
Jennifer Horne,58
Daniel Simpson,73
Christian Silva,62
Joan Doyle,52
Timothy Lee,43
Maria Gutierrez,61
Geoffrey Berry,67
Jacob Delgado,69
Joel Jones,33
Bryce Garcia,68
Shannon Newman,65
Stephen Holmes,32
Terri Adams,25
Brian Collins,31
Kevin Gibson,68
Anne Williams,45
Daniel Simpson,61
Gregory Harper,72
Ronald Dunn,18
Cathy Johnson,45
Felicia Hernandez,30
Justin Brown,56
Joseph Levy,73
Geoffrey Berry,41
Richard Gregory,61
Ronald Dunn,46
Mary Mayo,30
Sean Calhoun,68
Robert Mckenzie,44
Geoffrey Berry,66
Kim Jensen,68
Michael Phillips,66
Andrea Andersen,69
Shannon Newman,66
Kathleen Padilla,60
Craig Black,69
Andrea Boyer,23
Wendy Ingram,35
Joel Jones,34
Jacob Delgado,66
Caitlin Reeves,45
Sarah Williams,23
Kyle Anderson,35
Joseph Levy,61
Gregory Harper,54
Eileen Sutton,61
Gregory Harper,72
Stephen Holmes,56
Ronald Wise,22
Joseph Levy,25
Craig Mccormick,23
Geoffrey Berry,32
Frank Reyes,58
Lori Christensen,34
Cynthia Hardin,47
Christina Smith,40
Kelsey Christensen,50
Craig Black,54
Robin Smith,27
Andrea Foster,67
Richard Martin,61
Ryan Lopez,39
Gregory Harper,33
Holly Wyatt,52
Anthony Webster,71
Timothy Lee,23
Andrea Boyer,52
Timothy Lee,38
Holly Wyatt,50
Susan Lindsey,64
Lisa Welch,70
Natalie Bell,54
Dana Martinez,58
Anne Williams,31
Eileen Sutton,20
Ronald Wise,44
Bryce Garcia,37
John Wright,21
Jason Lindsey,21
Lance Rivera,62
Jimmy Daniel,39
Virginia Navarro,28
Matthew Martinez,36
Kimberly Freeman,56
Ronald Dunn,25
Alex Wilson,59
Christina Smith,62
Kathleen Padilla,37
Adam Hughes,35
Samuel Perry,66
Kenneth Gray,66
Susan Lindsey,61
Felicia Hernandez,69
Kyle Anderson,67
Lauren Smith,34
Stephen Holmes,73
Andrea Boyer,22
Andrea Foster,53
Andrea Andersen,68
Kimberly Melton,38
Kimberly Freeman,60
Richard Gregory,58
Maria Gutierrez,59
Jason Lindsey,42
Joan Doyle,46
Stephen Holmes,27
Anthony Webster,56
Jennifer Horne,28
Troy Miller,71
Kathleen Padilla,20
Chad Cook,64
Latoya Wells,32
Stephen Holmes,64
Cathy Johnson,28
Daniel Simpson,47
Alex Wilson,23
Lauren Smith,38
Mason Nolan,39
Justin Brown,30
Anthony Rich,69
Dana Martinez,55
Craig Black,60
Billy Anderson,53
Christian Silva,34
Kim Jensen,57
Kelsey Christensen,50
Susan Lindsey,52
Andrea Boyer,56
Jennifer Copeland,58
Amanda Gamble MD,24
Gregory Harper,43
Anthony Webster,46
Jimmy Daniel,67
Christina Smith,28
Kathleen Padilla,43
Kevin Gibson,19
Julia Bradford,22
Rebecca Esparza,68
Kimberly Melton,66
Mason Nolan,55
Eugene Miller,31
Jennifer Horne,38
Anne Williams,37
Connie Edwards,62
Virginia Navarro,61
Stacey Willis,72
Ryan Lopez,41
Timothy Lee,52
Christina Smith,36
Matthew Martinez,46
Terri Adams,61
Patrick Lynch,72
Danielle Dougherty,72
Christina Smith,30
Jimmy Daniel,65
Robert Kennedy,70
Isaac Davis,62
Stephen Holmes,26
Michael Phillips,40
Kim Jensen,71
Stephen Holmes,36
Anthony Rich,34
Felicia Hernandez,65
Terri Adams,18
Terri Adams,40
Melinda Contreras,23
Jennifer Horne,74
Marc Snyder,53
Kimberly Freeman,55
Robert Kennedy,68
Marc Snyder,30
Brian Love,65
Dana Martinez,22
Amanda Gamble MD,64
Julia Bradford,38
Sean Calhoun,65
Sean Calhoun,39
Daniel Lewis,49
Patrick Lynch,60
Dana Brown,43
Latoya Wells,59
Chad Cook,27
Brian Collins,50
Isaac Davis,48
Ryan Lopez,22
Debbie Sanchez,60
Michael Phillips,38
Joel Jones,38
Jacob Rose,43
Jonathan Larson,70
Joseph Levy,28
Robert Kennedy,40
Caitlin Reeves,52
Stephen Holmes,28
Matthew Martinez,25
Amanda Gamble MD,65
Latoya Wells,35
Jacob Delgado,33
Craig Black,36
Virginia Navarro,71
Frank Reyes,51
Latoya Wells,71
Jimmy Daniel,26
Andrea Boyer,66
Danielle Jacobs,61
Brian Love,54
Mason Nolan,65
Robin Smith,31
Lisa Stout,73
Jennifer Copeland,74
Kimberly Freeman,66
Jonathan Larson,23
Geoffrey Berry,64
Lance Rivera,32
Jimmy Daniel,20
Kevin Gibson,43
Bryce Garcia,64
Dalton Walton,74
Chad Cook,28
Kelsey Christensen,63
Kim Jensen,43
Richard Gregory,40
Lisa Stout,23
Julia Bradford,39
Philip Davis,71
Chad Cook,43
Robert Mckenzie,73
Latoya Wells,57
Christina Smith,42
Kevin Gibson,51
Kimberly Melton,47
Felicia Hernandez,20
Andrea Boyer,22
Dana Brown,72
Brian Love,38
Troy Miller,71
Andrea Boyer,31
Isaac Davis,67
Mary Mayo,51
Lauren Smith,54
Lisa Stout,59
Joel Jones,30
Melinda Contreras,23
Eugene Miller,71
Stacey Willis,19
Patrick Lynch,21
Jimmy Daniel,53
Craig Black,69
Dana Brown,55
Jonathan Larson,41
Amanda Gamble MD,70
Lance Rivera,45
Lisa Welch,44
Kimberly Freeman,19
Craig Mccormick,56
Joan Doyle,30
Andrea Boyer,27
Robert Mckenzie,43
Robert Mckenzie,36
Troy Miller,21
Isaac Davis,29
Kimberly Freeman,48
Danielle Jacobs,36
Kevin Gibson,62
Felicia Hernandez,61
Timothy Lee,46
Nicholas Garcia,19
Amanda Gamble MD,74
Robin Smith,60
Isaac Davis,57
Kathleen Padilla,33
Stacey Willis,19
Shannon Newman,25
Robert Kennedy,20
Anne Williams,57
Craig Mccormick,50
Kelsey Christensen,69
Dana Martinez,27
Craig Mccormick,21
Ryan Lopez,66
Marc Snyder,24
Jennifer Copeland,73
Chad Cook,50
Mary Mayo,71
Ryan Lopez,60
Joseph Levy,39
Jacob Rose,74
Jonathan Larson,23
Shannon Newman,54
Richard Gregory,41
Matthew Martinez,34
Christian Silva,21
Dana Brown,46
Kyle Anderson,52
Samuel Perry,62
Kathleen Padilla,64
Lori Christensen,53
Christian Silva,31
Richard Martin,72
Richard Martin,73
Ronald Dunn,29
Lance Rivera,65
Lisa Welch,37
Christina Smith,25
Richard Gregory,64
Craig Black,46
Billy Anderson,42
Lauren Smith,71
Tiffany Goodman,53
Richard Gregory,58
Julia Bradford,39
Erica Flores,30
Stacey Willis,30
Joseph Levy,61
Danielle Dougherty,69
Andrea Andersen,58
Stephen Holmes,32
Daniel Simpson,30
Alex Wilson,39
Billy Anderson,57
Kimberly Melton,53
Caitlin Reeves,48
Kimberly Freeman,50
Samuel Perry,31
Jennifer Copeland,70
Danielle Jacobs,20
Richard Gregory,50
Danielle Jacobs,23
John Simmons,21
Danielle Dougherty,25
John Simmons,37
Troy Miller,29
Michael Phillips,22
Holly Wyatt,67
Brian Love,50
Chad Cook,68
Craig Black,20
Justin Brown,36
Anthony Webster,64
Holly Wyatt,70
Eileen Sutton,67
Kathleen Padilla,20
Danielle Dougherty,34
Julia Bradford,23
Billy Anderson,60
Jimmy Daniel,73
Caitlin Reeves,38
Lori Christensen,55
Adam Hughes,20
Danielle Dougherty,33
Brian Love,43
Richard Martin,45
Eugene Miller,70
Geoffrey Berry,67
Alex Wilson,27
Christian Silva,31
Ronald Dunn,18
Brian Collins,52
Terri Adams,32
Joan Doyle,31
Erica Flores,24
Virginia Navarro,44
Rebecca Esparza,42
Lance Rivera,24
Joseph Levy,24
Joseph Levy,52
Joan Doyle,40
Jimmy Daniel,65
Joel Jones,57
Sean Calhoun,50
Craig Black,21
Jacob Delgado,60
John Wright,38
Latoya Wells,63
Andrea Andersen,34
Billy Anderson,47
Jimmy Daniel,53
Ronald Wise,56
Chad Cook,46
Lance Rivera,58
Dalton Walton,25
Anthony Rich,66
Connie Edwards,60
John Simmons,70
Andrea Foster,67
Kyle Anderson,38
Chad Cook,50
Samuel Perry,43
Marc Snyder,18
Kimberly Freeman,44
Robert Kennedy,34
Danielle Jacobs,27
Shannon Newman,62
Cathy Johnson,56
Joan Doyle,61
Jimmy Daniel,34
Joan Doyle,31
Daniel Lewis,43
Anthony Rich,63
Natalie Bell,44
Stacey Willis,67
Cathy Johnson,43
Joel Jones,46
Andrea Foster,71
Craig Mccormick,60
Tiffany Goodman,31
Danielle Dougherty,35
Shannon Newman,40
Lisa Stout,68
Eileen Sutton,61
Christian Silva,67
Patrick Lynch,32
Richard Gregory,47
Alex Wilson,21
Richard Gregory,58
Michael Phillips,21
Christina Smith,52
Joan Doyle,56
Joseph Levy,31
Joseph Levy,49
Robin Smith,56
Brian Love,30
Eugene Miller,70
Kyle Anderson,54
Andrea Andersen,63
Kyle Anderson,22
Justin Brown,42
Julia Bradford,61
John Simmons,52
Christian Silva,62
Kim Jensen,24
Terri Adams,50
Kathleen Padilla,70
Susan Lindsey,44
Jacob Rose,71
Danielle Jacobs,19
Holly Wyatt,20
Virginia Navarro,27
Brian Love,69
Andrea Andersen,18
Kelsey Christensen,20
Patrick Lynch,72
Anthony Rich,47
Joel Jones,72
Richard Martin,71
Virginia Navarro,73
Ronald Wise,29
Caitlin Reeves,32
Lauren Smith,54
John Simmons,21
Anthony Webster,54
Kelsey Christensen,67
Andrea Andersen,42
Jacob Rose,27
Richard Martin,64
Christina Smith,24
Nicholas Garcia,26
Jason Lindsey,34
Erica Flores,67
Connie Edwards,49
Danielle Jacobs,65
Adam Hughes,36
Felicia Hernandez,35
Chad Cook,49
Richard Martin,29
Erica Flores,44
Frank Reyes,33
Stacey Willis,64
Michael Phillips,45
Billy Anderson,70
Sean Calhoun,22
Chad Cook,55
Eugene Miller,68
Andrea Foster,74
Eileen Sutton,68
Geoffrey Berry,31
Geoffrey Berry,49
Lauren Smith,34
Michael Phillips,40
Terri Adams,34
Jacob Delgado,59
Robin Smith,22
Lance Rivera,47
Melinda Contreras,62
Chad Cook,50
Eugene Miller,41
Jennifer Horne,60
Sarah Williams,45
Mason Nolan,28
Billy Anderson,47
Felicia Hernandez,53
Dalton Walton,50
Mason Nolan,24
Gregory Harper,48
Joel Jones,27
Richard Gregory,62
Ryan Lopez,28
Mason Nolan,34
Jimmy Daniel,28
Erica Flores,42
Amanda Gamble MD,20
Daniel Lewis,25
Samuel Perry,60
Gregory Harper,64
Erica Flores,52
Terri Adams,50
Frank Reyes,40
Dalton Walton,26
Jennifer Copeland,38
Troy Miller,24
Bryce Garcia,31
Sarah Williams,37
Latoya Wells,18
Kevin Gibson,36
Jacob Delgado,53
Anthony Webster,70
Joel Jones,22
Mary Mayo,50
Christina Smith,61
Kenneth Gray,23
Andrea Andersen,54
Ryan Lopez,58
Anne Williams,55
Craig Black,58
Justin Brown,58
Kimberly Melton,70
Dalton Walton,21
Bryce Garcia,58
Dana Martinez,35
Cynthia Hardin,25
Christian Silva,18
Jennifer Horne,68
Anthony Rich,30
Philip Davis,44
Andrea Andersen,49
Susan Lindsey,42
Maria Gutierrez,47
Jacob Delgado,59
Christina Smith,38
Debbie Sanchez,72
Julia Bradford,54
Richard Gregory,22
Richard Martin,30
Justin Brown,58
Billy Anderson,49
Ronald Dunn,21
Ryan Lopez,65
Chad Cook,41
Jennifer Horne,28
Susan Lindsey,19
Maria Gutierrez,53
Rebecca Esparza,58
Patrick Lynch,72
Shannon Newman,45
Robert Mckenzie,59
Andrea Boyer,41
Caitlin Reeves,40
Daniel Lewis,51
Holly Wyatt,46
Julia Bradford,32
Timothy Lee,31
Wendy Ingram,53
Danielle Jacobs,61
Matthew Martinez,47
Kim Jensen,43
Frank Reyes,22
Kimberly Melton,51
Geoffrey Berry,67
Eugene Miller,22
Tiffany Goodman,74
Joan Doyle,51
Tiffany Goodman,73
Maria Gutierrez,25
Daniel Lewis,48
Kenneth Gray,61
Brian Love,30
Mason Nolan,21
Jennifer Horne,65
Geoffrey Berry,61
Lisa Stout,63
Stephen Holmes,54
Sean Calhoun,68
Stacey Willis,50
Melinda Contreras,62
Kenneth Gray,56
Amanda Gamble MD,64
Robert Kennedy,29
Brian Collins,31
Isaac Davis,21
Robert Kennedy,41
Natalie Bell,36
Alex Wilson,69
Christian Silva,59
Jason Lindsey,48
Mason Nolan,33
Samuel Perry,61
Samuel Perry,71
Julia Bradford,29
Lance Rivera,39
Michael Phillips,67
Sean Calhoun,39
Mason Nolan,68
Andrea Boyer,41
Joel Jones,38
Latoya Wells,31
Dana Brown,37
Jacob Delgado,68
Joan Doyle,34
Amanda Gamble MD,18
Lisa Stout,71
Jennifer Copeland,47
Troy Miller,31
Ronald Wise,67
Eileen Sutton,50
Holly Wyatt,43
Eugene Miller,44
Alex Wilson,30
Felicia Hernandez,57
Bryce Garcia,68
Andrea Andersen,72
Philip Davis,41
Jason Lindsey,52
Justin Brown,56
Michael Phillips,74
